ID,Primary_Text,Analyzed_Word,Gloss,Translated_Text,Part_Of_Speech,Text_ID,Sentence_Number,Phrase_Number,Language_ID,Clitic_ID,begin-time-offset,cf_kit,end-time-offset,gls_en_phrase,gls_en_word,gls_kit_phrase,guid,hn_kit,lit_en_phrase,media-file,msa_en,pos_en_word,segnum_en_phrase,txt_en_phrase,txt_kit_phrase,variantTypes_en
we-pn012-warama2016-1-1,"Ttongo täräp me, yäbäd ulle da dättämnän.",ttongo	täräp=me	yäbäd	ulle=da	d-ä-ttäm-n-än,a	time=LOC	sun	big=NOM	REM-3NDUP-burn-IPFV-REM.3SGA,"Once upon a time, the sun burned hot.",indefinite article	n.	n. cl.	n.	adj.	n. cl.	vt.,we-pn012-warama2016,1,1,kit,		me-loc			da-nom	,,ttongo	täräp=me	yäbäd	ulle=da	d-ä-ttäm-ne-än,,"Once upon a time, the sun burned hot.",a	time		sun	big		burn.rem.npfv.3sgA>3sgP,,c1dbb0e8-e724-4111-9c5c-a58bc822d76f,1	1				1	11,,,indefinite article	n.	n. cl.	n.	mod.	n. cl.	v.:TM + Patient-v.:Patient-vt.-v.:(Aspect)-vt.:Any,indefinite article	n.	n. cl.	n.	adj.	n. cl.	vt.,1.1,,"Ttongo täräp me, yäbäd ulle da dättämnän. ",
we-pn012-warama2016-1-2,Ttängäm ulle da tämamae dallän dɨdɨr abal gogon.,ttängäm	ulle=da	tämamae	d-a-ll-än	dɨdɨr	abal	g-o-g-on,place	big=NOM	all	REM-RT_EXT-go-REM.3SGS	dried	very	REM-RT_EXT-AUX-REM.3SGS,All the big villages became very dry.,n.	adj.	n. cl.	quant.	vi.	adj.	adj.	aux.,we-pn012-warama2016,1,2,kit,		da-nom					,,ttängäm	ulle=da	tämamae	d-a-ibi-än	dɨdɨr	abal	g-o-g-än,,All the big villages became very dry.,place	big		all	go.rem.3sgS	dry	very	aux.rem.3sgS,,4f311e0d-7ba9-411b-8b99-fe84f51b093e,		1		12			,,,n.	mod.	n. cl.	quant.	v.:TM + Patient-v.:Patient-vi.-v.:TAM+Agent	mod.	adv.	v.:TM + Patient-vi.:Any-aux.-v.:TAM+Agent,n.	adj.	n. cl.	quant.	vi.	adj.	adj.	aux.,1.2,,Ttängäm ulle da tämamae dallän dɨdɨr abal gogon. ,
we-pn012-warama2016-1-3,"Ine da däbeznegän, ada källäm a, ada walle mäg a, orbam a, a karama da ade petapeta abal gogon.",ine=da	d-ä-bez-neg-än	ada	källäm=a	ada	walle	mäg=a	orbam=a	a	=da	ade	petapeta	abal	g-o-g-on,water=NOM	REM-3NDUP-dry_up-SG>PL-REM.3PLS	like_this	pond=NOM	like_this	water	source=NOM	=NOM	and	toponym=NOM	also	thin	very	REM-RT_EXT-AUX-REM.3SGS,"Water dried up, and the ponds, the big creeks, the pools, and the swamps became shallow.",n.	n. cl.	vi.	adv.	n.	n. cl.	adv.	n.	n.	n. cl.	n.	n. cl.	conj.	pn.	n. cl.	adv.	adj.	adj.	aux.,we-pn012-warama2016,1,3,kit,	da-nom				a-nom				a-nom		a-nom			da-nom				,,ine=da	d-ä-baddbedd-neg-än	ada	källäm=da	ada	walle	mäg=da	orbam=da	a	Karama=da	ade	petapeta	abal	g-o-g-än,,"Water dried up, and the ponds, the big creeks, the pools, and the swamps became shallow.",water		dry up.rem.3plS	like this	pond		like this	water	source		pool		and	Karama swamp		also	thin (object)	very	aux.rem.3sgS,,1a4a2638-552f-4688-a7c7-efdc38bf1509,	1	1			1				1		1			1				,,,n.	n. cl.	v.:TM + Patient-v.:Patient-vi.  (I)-v.:Plurpersonal-v.:TAM+Agent	m. dem	n.	n. cl.	m. dem	n.	n.	n. cl.	n.	n. cl.	coord.	pn.	n. cl.	adv.	mod.	adv.	v.:TM + Patient-vi.:Any-aux.-v.:TAM+Agent,n.	n. cl.	vi.	adv.	n.	n. cl.	adv.	n.	n.	n. cl.	n.	n. cl.	conj.	pn.	n. cl.	adv.	adj.	adj.	aux.,1.3,,"Ine da däbeznegän, ada källäm a, ada walle mäg a, orbam a, a karama da ade petapeta abal gogon. ",
we-pn012-warama2016-1-4,"Kottllam a wa ddob ine me giddollnenang kollba da, ubi ttongo källäm e dazernän, däbe källäm a ade yäbäd ulle atta dallän do kälae abal gowensegän ine da, kollba da tämamae dadrowän a be kottllam aebe ttam dagirnän.",kottllam=a	wa	ddob	ine=me	giddoll-nen=ang	kollba=da	ubi	ttongo	källäm=e	d-a-zer-n-än	däbe	källäm=a	ade	yäbäd	ulle=att=a	d-a-ll-än	do	kälae	abal	g-o-wenseg-än	ine=da	kollba=da	tämamae	d-a-dro-wän=a	be	kottllam=aebe	ttam	d-a-gir-n-än,turtle=NOM	and	other	water=LOC	live-II.PL=ATR	fish=NOM	3NSG.NOM	a	pond=ALL	REM-RT_EXT-live-IPFV-REM.3PLS	that	pond=NOM	also	sun	big=ABL=NOM	REM-RT_EXT-go-REM.3SGS	there	small	very	REM-RT_EXT-put-REM.3SGS	water=NOM	fish=NOM	all	REM-RT_EXT-die-REM.3PLS=NOM	but	turtle=RST	life	REM-RT_EXT-stay-IPFV-REM.3SGS,Turtle was living in this pond where fish also lived. That pond became very small from the big sun. The fish all died but the turtle lived on.,n.	n. cl.	conj.	adj.	n.	n. cl.	n.	cl.	n.	n. cl.	pron.	indefinite article	n.	n. cl.	vi.	nom. dem.	n.	n. cl.	adv.	n.	adj.	n. cl.	n. cl.	n. cl.	vi.	dem.	adj.	adj.	vi.	n.	n. cl.	n.	n. cl.	quant.	vi.	n. cl.	conj.	n.	n. cl.	n.	vi.,we-pn012-warama2016,1,4,kit,	a-nom				me-loc				da-nom				e-all				a-nom													da-nom		da-nom			a-nom			aebe-rst		,,kottllam=da	a	ddob	ine=me	giddoll-nen=ang	kollba=da	ubi	ttongo	källäm=e	d-a-giddoll-ne-än	däbe	källäm=da	ade	yäbäd	ulle	=att=da	d-a-ibi-än	do	kälae	abal	g-o-wanseg-än	ine=da	kollba=da	tämamae	d-a-dodro-än=da	be	kottllam=aebe	ttam	d-a-giddoll-ne-än,,Turtle was living in this pond where fish also lived. That pond became very small from the big sun. The fish all died but the turtle lived on.,turtle		and	other	water		live-pl-agt		fish		3.nsg.nom	a	pond		live.rem.npfv.3nsgS	that.nom	pond		also	sun	big=abl=nom			go.rem.3sgS	there	little	very	leave.rem.pass.3sgS	water		fish		all	die.rem.3plS		but	turtle		life	stay.rem.npfv.3sgS,,c773e45b-bd78-48a5-84aa-159badbee260,	1								1		1		1	1	3		1						1	12	1					1		1		11	1				1	1,,,n.	n. cl.	coord.	det.	n.	n. cl.	vi.  (I)-v.:Plurpersonal	cl.	n.	n. cl.	pers. pron.	indefinite article	n.	n. cl.	v.:TM + Patient-v.:Patient-vi.  (I)-v.:(Aspect)-v.:TAM+Agent	dem.	n.	n. cl.	adv.	n.	mod.		n. cl.	n. cl.	v.:TM + Patient-v.:Patient-vi.-v.:TAM+Agent	adv. dem.	mod.	adv.	v.:TM + Patient-vi.:Any-vt.  (irr)-v.:TAM+Agent	n.	n. cl.	n.	n. cl.	quant.	v.:TM + Patient-v.:Patient-vi.  (I)-v.:TAM+Agent	n. cl.	coord.	n.	n. cl.	n.	v.:TM + Patient-v.:Patient-vi.  (I)-v.:(Aspect)-v.:TAM+Agent,n.	n. cl.	conj.	adj.	n.	n. cl.	n.	cl.	n.	n. cl.	pron.	indefinite article	n.	n. cl.	vi.	nom. dem.	n.	n. cl.	adv.	n.	adj.	n. cl.	n. cl.	n. cl.	vi.	dem.	adj.	adj.	vi.	n.	n. cl.	n.	n. cl.	quant.	vi.	n. cl.	conj.	n.	n. cl.	n.	vi.,1.4,,"Kottllam a wa ddob ine me giddollnenang kollba da, ubi ttongo källäm e dazernän, däbe källäm a ade yäbäd ulle atta dallän do kälae abal gowensegän ine da, kollba da tämamae dadrowän a be kottllam aebe ttam dagirnän. ",
we-pn012-warama2016-1-5,"Kottllam a ada gongnomenynän,"" Ma ngäna säre ili balle, ngämlle giddollma da llokttang abal agan, ada otät a ddone dag, ada ine da gagäll dan a ako ngämlle giddollma da ddone mullae allan gänya källäm me!""",kottllam=a	ada	g-o-ngno-meny-n-än	ma	ngäna	säre	ili	b-a-lle	ngämlle	giddoll=ma=da	lloktt=ang	abal	a-g-an	ada	otät=a	ddone	da=g	ada	ine=da	gagäll	da=n=a	ako	ngämlle	giddoll=ma=da	ddone	mullae=allan	gänya	källäm=me,turtle=NOM	like_this	REM-RT_EXT-think-III.PL-IPFV-REM.3SGS	house	1SG.NOM	sadly	where	FUT.1S-RT_EXT-go	1SG.DAT	live=ACT_NZ=NOM	hard=ATR	very	REC-AUX-REC.3SGS	like_this	food=NOM	NEG	MED.DEM=COP.PRS.PL	like_this	water=NOM	bad	MED.DEM=COP.PRS.SG=NOM	again	1SG.DAT	live=ACT_NZ=NOM	NEG	able=AUX.PRS.3SGS	this	pond=LOC,"The turtle thought, ""How tragic, for me, living is very hard, and there is no food, and the water is bad, and for me, it's impossible to live in this pond!""",n.	n. cl.	adv.	vi.	n.	pron.	adv.	pron.	vi.	pron.	n.	v. cl.	n. cl.	adj.	cl.	adj.	aux.	adv.	n.	n. cl.	neg. ptcl.	cop.	v. cl.	adv.	n.	n. cl.	adj.	cop.	v. cl.	n. cl.	adv.	pron.	n.	v. cl.	n. cl.	neg. ptcl.	adj.	aux.	det.	n.	n. cl.,we-pn012-warama2016,1,5,kit,	a-nom											da-nom							a-nom						da-nom				a-nom					da-nom			allan-aux-prs-3sg-s			me-loc,,kottllam=da	ada	g-o-ngonongg-meny-ne-än	ma	ngäna	säre	ili	b-a-ibi	ngämlle	giddoll=ma=da	llokott=ang	abal	a-g-an	ada	otät=da	ddone	da=g	ada	ine=da	gagäll	da=n=da	ako	ngämlle	giddoll=ma=da	ddone	mullae=allan	gänya	källäm=me,,"The turtle thought, ""How tragic, for me, living is very hard, and there is no food, and the water is bad, and for me, it's impossible to live in this pond!""",turtle		like this	think.rem.npfv.3sgS	house	1.sg.nom	sadly	where	go.fut.1sgS	1.sg.dat	live=act.nz			difficult		very	aux.rec.3sgS	like this	food		not	cop.prs.plS		like this	water		bad	cop.prs.sgS			again	1.sg.dat	live=act.nz			not	able		this	pond	,,57fc1167-cb55-4b69-87c8-e91c5cbb05be,	1		2		1			12				1				2			1		4				1		4		1					1						,,,n.	n. cl.	m. dem	v.:TM + Patient-vi.:Any-vi.  (III)-v.:Any-v.:(Aspect)-v.:TAM+Agent	n.	pers. pron.	adv.	int. pron.	v.:TM + Patient-v.:Patient-vi.	pers. pron.	vi.  (I)	v. cl.	n. cl.	mod.	cl.	adv.	v.:Any-aux.-v.:TAM+Agent	m. dem	n.	n. cl.	neg. ptcl.	nom. dem.	v. cl.	m. dem	n.	n. cl.	mod.	nom. dem.	v. cl.	n. cl.	adv.	pers. pron.	vi.  (I)	v. cl.	n. cl.	neg. ptcl.	mod.	aux.	dem.	n.	n. cl.,n.	n. cl.	adv.	vi.	n.	pron.	adv.	pron.	vi.	pron.	n.	v. cl.	n. cl.	adj.	cl.	adj.	aux.	adv.	n.	n. cl.	neg. ptcl.	cop.	v. cl.	adv.	n.	n. cl.	adj.	cop.	v. cl.	n. cl.	adv.	pron.	n.	v. cl.	n. cl.	neg. ptcl.	adj.	aux.	det.	n.	n. cl.,1.5,,"Kottllam a ada gongnomenynän, ""Ma ngäna säre ili balle, ngämlle giddollma da llokttang abal agan, ada otät a ddone dag, ada ine da gagäll dan a ako ngämlle giddollma da ddone mullae allan gänya källäm me!""",
we-pn012-warama2016-2-1,"Ttongo täräp me, ttongo pa da bem ulle atta dapllägnän tuk me a däbe källäm de ikop dägagän ge kottllam a erame daeya.",ttongo	täräp=me	ttongo	pa=da	bem	ulle=att=a	d-a-plläg-n-än	tuk=me=a	däbe	källäm=de	ikop	d-ä-gag-än	ge	kottllam=a	era=me	da=eya,a	time=LOC	a	bird=NOM	sea	big=ABL=NOM	REM-RT_EXT-fly-IPFV-REM.3SGS	air=LOC=NOM	that	pond=ACC	see	REM-3NDUP-AUX-REM.3SGA	prox.dem	turtle=NOM	which=LOC	MED.DEM=COP.PST.SG,"One day, a bird from the big sea was flying above and saw that pond where the turtle was.",indefinite article	n.	n. cl.	indefinite article	n.	n. cl.	n.	adj.	n. cl.	n. cl.	n. cl.	vi.	n.	n. cl.	n. cl.	nom. dem.	n.	n. cl.	covt.	aux.	nom. dem.	n.	n. cl.	rel. pron.	n. cl.	cop.	v. cl.,we-pn012-warama2016,2,1,kit,		me-loc			da-nom								me-loc	a-nom			de-acc					a-nom				,,ttongo	täräp=me	ttongo	pa=da	bem	ulle	=att=da	d-o-paplläg-ne-än	tuk=me=da	däbe	källäm=de	ikop	d-ä-g-än	ge	kottllam=da	era=me	da=aeya,,"One day, a bird from the big sea was flying above and saw that pond where the turtle was.",a	time		a	bird		sea	big=abl=nom			fly.rem.npfv.3sgS	air			that.nom	pond		see	aux.rem.3sgA>3sgP	this	turtle		where		cop.pst.sgS	,,e0bbbc55-dd55-4d95-9623-59f91de9286d,1	1		1		1					1				1	3				1			1			4	,,,indefinite article	n.	n. cl.	indefinite article	n.	n. cl.	n.	mod.		n. cl.	n. cl.	v.:TM + Patient-vi.:Any-vi.  (I)-v.:(Aspect)-v.:TAM+Agent	n.	n. cl.	n. cl.	dem.	n.	n. cl.	covt.	v.:TM + Patient-v.:Patient-aux.-vt.:Any	nom. dem.	n.	n. cl.	rel. pron.	n. cl.	nom. dem.	v. cl.,indefinite article	n.	n. cl.	indefinite article	n.	n. cl.	n.	adj.	n. cl.	n. cl.	n. cl.	vi.	n.	n. cl.	n. cl.	nom. dem.	n.	n. cl.	covt.	aux.	nom. dem.	n.	n. cl.	rel. pron.	n. cl.	cop.	v. cl.,2.1,,"Ttongo täräp me, ttongo pa da bem ulle atta dapllägnän tuk me a däbe källäm de ikop dägagän ge kottllam a erame daeya. ",																										+fr. var. of
we-pn012-warama2016-2-2,"Pa da dapllägän matu we a kottllam bom ikop dägagän ddäg kutt dae pälläm gogän, obo pate dallän a dangnoeyän ada,"" Bongo alla ai dan?""",pa=da	d-a-plläg-än	matu=we	a	kottllam=bom	ikop	d-ä-gag-än	ddäg	kutt=dae	pälläm	g-o-g-än	obo=pate	d-a-ll-än=a	d-a-ngnoe-yän	ada	bongo	alla	ai	da=n,bird=NOM	REM-RT_EXT-fly-REM.3SGS	lower_part=ALL	and	turtle=3SG.ACC	see	REM-3NDUP-AUX-REM.3SGA	back	bone=RST	visible	REM-RT_EXT-AUX-REM.3SGS	3SG.POSS=AN.ALL	REM-RT_EXT-go-REM.3SGS=NOM	REM-RT_EXT-ask-REM.3SGA	like_this	2SG.NOM	how	good	MED.DEM=COP.PRS.SG,"The bird flew lower and saw the turtle, only his backbones were visible. He went to him and asked like this, ""How are you?""",n.	n. cl.	vi.	adj.	n. cl.	conj.	n.	pron. cl.	covt.	aux.	n.	n.	n. cl.	adj.	aux.	pron.	n. cl.	vi.	n. cl.	vt.	adv.	pron.	adv.	adj.	cop.	v. cl.,we-pn012-warama2016,2,2,kit,	da-nom			we-all			bom-3sg-acc					dae-rst				pate-an-all		a-nom							,,pa=da	d-o-paplläg-än	matu=e	a	kottllam=bom	ikop	d-ä-g-än	ddäg	kutt=daebe	pälläm	g-o-g-än	obo=pate	d-a-ibi-än=da	d-a-ngonoe-än	ada	bongo	alla	ai	da=n,,"The bird flew lower and saw the turtle, only his backbones were visible. He went to him and asked like this, ""How are you?""",bird		fly.rem.3sgS	lower		and	turtle		see	aux.rem.3sgA>3sgP	back	bone		visible	aux.rem.3sgS	3.sg.poss		go.rem.3sgS		ask.rem.3sg>3sg	like this	2.sg.nom	how	good	cop.prs.sgS	,,364e0ac4-70c3-4d2b-99ae-2e092ecbb116,	1			1					1								12	1	1				1	4	,,,n.	n. cl.	v.:TM + Patient-vi.:Any-vi.  (I)-v.:TAM+Agent	loc.	n. cl.	coord.	n.	pron. cl.	covt.	v.:TM + Patient-v.:Patient-aux.-vt.:Any	n.	n.	n. cl.	mod.	v.:TM + Patient-vi.:Any-aux.-v.:TAM+Agent	pers. pron.	n. cl.	v.:TM + Patient-v.:Patient-vi.-v.:TAM+Agent	n. cl.	v.:TM + Patient-v.:Patient-vt.  (V)-vt.:Any	m. dem	pers. pron.	adv.	mod.	nom. dem.	v. cl.,n.	n. cl.	vi.	adj.	n. cl.	conj.	n.	pron. cl.	covt.	aux.	n.	n.	n. cl.	adj.	aux.	pron.	n. cl.	vi.	n. cl.	vt.	adv.	pron.	adv.	adj.	cop.	v. cl.,2.2,,"Pa da dapllägän matu we a kottllam bom ikop dägagän ddäg kutt dae pälläm gogän, obo pate dallän a dangnoeyän ada, ""Bongo alla ai dan?"" ",												+var. of													
we-pn012-warama2016-2-3,"Kottllam a ada eka mu gogän,"" Kandärmang, ngäna ai llokttang ttam me giddoll allan.""",kottllam=a	ada	eka	mu	g-o-g-än	kandärmang	ngäna	ai	lloktt=ang	ttam=me	giddoll=allan,turtle=NOM	like_this	speak	response	REM-RT_EXT-AUX-REM.3SGS	sorry	1SG.NOM	good	hard=ATR	life=LOC	live=AUX.PRS.1SGS,"Turtle replied like this, ""Sorry, I am living a very difficult life.""",n.	n. cl.	adv.	v.	n.	aux.	interj.	pron.	adj.	adj.	cl.	n.	n. cl.	v.	aux.,we-pn012-warama2016,2,3,kit,	a-nom											me-loc		allan-aux-prs-1sg-s,,kottllam=da	ada	eka	mu	g-o-g-än	kandärmang	ngäna	ai	llokott=ang	ttam=me	giddoll=allan,,"Turtle replied like this, ""Sorry, I am living a very difficult life.""",turtle		like this	speak	response	aux.rem.3sgS	sorry	1.sg.nom	good	difficult		life		live	,,dca66d66-ca59-4172-a6ad-1d5d4c0404dc,	1					1	1	1			1			,,,n.	n. cl.	m. dem	covi. & covt.	n.	v.:TM + Patient-vi.:Any-aux.-v.:TAM+Agent	interj.	pers. pron.	mod.	mod.	cl.	n.	n. cl.	vi.  (I)	aux.,n.	n. cl.	adv.	v.	n.	aux.	interj.	pron.	adj.	adj.	cl.	n.	n. cl.	v.	aux.,2.3,,"Kottllam a ada eka mu gogän, ""Kandärmang, ngäna ai llokttang ttam me giddoll allan.""",
we-pn012-warama2016-3-1,Golläntmenyän tämamae ngalen de.,g-o-lläntmeny-än	tämamae	ngalen=de,REM-RT_EXT-tell-REM.3SGS	all	way=ACC,He told him everything.,vi.	quant.	n.	n. cl.,we-pn012-warama2016,3,1,kit,			de-acc,,g-o-lläntäg-än	tämamae	ngalen=de,,He told him everything.,tell.pl.rem.3sgS	all	way	,,77a17bec-34fc-4961-94ba-bbf788b449fa,,,,v.:TM + Patient-vi.:Any-vt.  (III)-v.:TAM+Agent	quant.	n.	n. cl.,vi.	quant.	n.	n. cl.,3.1,,Golläntmenyän tämamae ngalen de. ,
we-pn012-warama2016-3-2,"Pa da ddone ada kandärmang dägagän obom a ada eka dägagän,"" Ngäna bam mɨnyi bangmingg, mer ttängäm a dan duli, ai ine ulle dan, bem dan, tämamae ttoen a dedme mullamullae dag.",pa=da	ddone	ada	kandärmang	d-ä-gag-än	obom=a	ada	eka	d-ä-gag-än	ngäna	bam	mɨnyi	b-a-ngmingg	mer	ttängäm=a	da=n	duli	ai	ine	ulle	da=n	bem	da=n	tämamae	ttoen=a	ded=me	mullae~mullae	da=g,bird=NOM	a_lot	like_this	sorry	REM-3NDUP-AUX-REM.3SGA	3SG.ACC=NOM	like_this	speak	REM-3NDUP-AUX-REM.3SGA	1SG.NOM	2SG.ACC	FUT	FUT.1A-RT_EXT-help	good	place=NOM	MED.DEM=COP.PRS.SG	there	good	water	abundant	MED.DEM=COP.PRS.SG	sea	MED.DEM=COP.PRS.SG	all	way=NOM	there=LOC	NSG~enough	MED.DEM=COP.PRS.PL,"The bird felt very sorry for him and said like this, ""I will help you. There is a good village. There is good, big water there, a sea, there is enough of everything there.",n.	n. cl.	neg. ptcl.	adv.	adj.	aux.	pron.	n. cl.	adv.	v.	aux.	pron.	pron.	TAM ptcl.	vt.	adj.	n.	n. cl.	cop.	v. cl.	dem.	adj.	n.	quant.	cop.	v. cl.	n.	cop.	v. cl.	quant.	n.	n. cl.	adv. dem.	n. cl.	mod.	cop.	v. cl.,we-pn012-warama2016,3,2,kit,	da-nom						a-nom										a-nom														a-nom					,,pa=da	ddone	ada	kandärmang	d-ä-g-än	obom=da	ada	eka	d-ä-g-än	ngäna	bam	mɨnyi	b-a-ngämingg	mer	ttängäm=da	da=n	duli	ai	ine	ulle	da=n	bem	da=n	tämamae	ttoen=da	ded=me	RED~mullae	da=g,,"The bird felt very sorry for him and said like this, ""I will help you. There is a good village. There is good, big water there, a sea, there is enough of everything there.",bird		a_lot	like this	sorry	aux.rem.3sgA>3sgP	3.sg.acc		like this	speak	aux.rem.3sgA>3sgP	1.sg.nom	2.sg.acc	FUT	help.fut.1sgA>2sgP	good	place		cop.prs.sgS		there	good	water	abundant	cop.prs.sgS		sea	cop.prs.sgS		all	way		there=loc		enough	cop.prs.plS	,,baa97080-f144-4619-b403-2c80a05ddd7d,	1			1	1		1			1	1			1	1		1	4			1			4			4				1			5	4	,,,n.	n. cl.	neg. ptcl.	m. dem	mod.	v.:TM + Patient-v.:Patient-aux.-vt.:Any	pers. pron.	n. cl.	m. dem	covi. & covt.	v.:TM + Patient-v.:Patient-aux.-vt.:Any	pers. pron.	pers. pron. 2 sg acc	TAM ptcl.	v.:TM + Patient-v.:Patient-vi.  (III)	mod.	n.	n. cl.	nom. dem.	v. cl.	adv. dem.	mod.	n.	quant.	nom. dem.	v. cl.	n.	nom. dem.	v. cl.	quant.	n.	n. cl.	adv. dem.	n. cl.	Inflects any categorymod.	nom. dem.	v. cl.,n.	n. cl.	neg. ptcl.	adv.	adj.	aux.	pron.	n. cl.	adv.	v.	aux.	pron.	pron.	TAM ptcl.	vt.	adj.	n.	n. cl.	cop.	v. cl.	dem.	adj.	n.	quant.	cop.	v. cl.	n.	cop.	v. cl.	quant.	n.	n. cl.	adv. dem.	n. cl.	mod.	cop.	v. cl.,3.2,,"Pa da ddone ada kandärmang dägagän obom a ada eka dägagän, ""Ngäna bam mɨnyi bangmingg, mer ttängäm a dan duli, ai ine ulle dan, bem dan, tämamae ttoen a dedme mullamullae dag. ",																																		+dial. var. of		
we-pn012-warama2016-3-3,"Ede nga bongo gänyme, nga ngäna balle ngämo nag bom umllang bägag bablle ngämingg e.""",ede	nga	bongo	gäny=me	nga	ngäna	b-a-lle	ngämo	nag=bom	umllang	b-ä-gag	bablle	ngämi-ngg=e,so	IM_FUT	2SG.NOM	here=LOC	IM_FUT	1SG.NOM	FUT.1S-RT_EXT-go	1SG.POSS	friend=3SG.ACC	tell	FUT.1A-3NDUP-AUX	2SG.DAT	help-III.NPL=ALL,"‎‎So you stay here, I will go tell my friend to help you.""",conj.	TAM ptcl.	pron.	adv. dem.	n. cl.	TAM ptcl.	pron.	vi.	pron.	n.	pron. cl.	covt.	aux.	pers. pron.	v.	n. cl.,we-pn012-warama2016,3,3,kit,										bom-3sg-acc					e-all,,ede	nga	bongo	gänya=me	nga	ngäna	b-a-ibi	ngämo	nag=bom	umllang	b-ä-g	bablle	ngämingg-ngg=e,,"‎‎So you stay here, I will go tell my friend to help you.""",so	imminently	2.sg.nom	here-loc		imminently	1.sg.nom	go.fut.1sgS	1.sg.poss	friend		tell	aux.fut.1sgA>3sgP	2.sg.dat	help-III.npl	,,24485960-fb98-49d5-b3f9-5d37fce5a0fc,						1	12					1		2	1,,,subr.	TAM ptcl.	pers. pron.	adv. dem.	n. cl.	TAM ptcl.	pers. pron.	v.:TM + Patient-v.:Patient-vi.	pers. pron.	kin.	pron. cl.	covt.	v.:TM + Patient-v.:Patient-aux.	pers. pron. 2 sg dat	vi.  (III)-v.:Any	n. cl.,conj.	TAM ptcl.	pron.	adv. dem.	n. cl.	TAM ptcl.	pron.	vi.	pron.	n.	pron. cl.	covt.	aux.	pers. pron.	v.	n. cl.,3.3,,"Ede nga bongo gänyme, nga ngäna balle ngämo nag bom umllang bägag bablle ngämingg e."" ",
we-pn012-warama2016-3-4,Pa obom dowansegän a dallän nagda bom dingällbänän a kottllam pate gongttägeyo.,pa	obom	d-o-wanse-g-än=a	d-a-ll-än	nag=da=bom	d-i-ngällbän-än=a	kottllam=pate	g-o-ngttä-g-eyo,bird	3SG.ACC	REM-3NDUP-put-III.NPL-REM.3SGA=NOM	REM-RT_EXT-go-REM.3SGS	friend=CL_POSS.KIN=3SG.ACC	REM-VEN-get-REM.3SGA=NOM	turtle=AN.ALL	REM-RT_EXT-arrive-III.NPL-REM.3DUS,The bird left him and got and brought his friend and returned to the turtle.,n.	pron.	vt.	n. cl.	vi.	kin.	n. cl.	pron. cl.	vt.	n. cl.	n.	n. cl.	vi.,we-pn012-warama2016,3,4,kit,			a-nom				bom-3sg-acc		a-nom		pate-an-all	,,pa	obom	d-ä-wanseg-ngg-än=da	d-a-ibi-än	nag=da=bom	d-i-ngällbän-än=da	kottllam=pate	g-o-ngänttäg-ngg-eyo,,The bird left him and got and brought his friend and returned to the turtle.,bird	3.sg.acc	leave.rem.3sgA>3sgP		go.rem.3sgS	friend=cl.poss.kin			get.rem.ven.3sgA>3sgP		turtle		arrive.rem.3duS,,30af6395-51a1-4bb0-aef4-6a3bd41e9bc6,		12	1	12		2		1	1			2,,,n.	pers. pron.	v.:TM + Patient-v.:Patient-vt.  (irr)-v.:Any-vt.:Any	n. cl.	v.:TM + Patient-v.:Patient-vi.-v.:TAM+Agent	kin.	n. cl.	pron. cl.	v.:TM + Patient-v.:Patient-vi.  (II)-vt.:Any	n. cl.	n.	n. cl.	v.:TM + Patient-vi.:Any-vi.  (III)-v.:Any-v.:TAM+Agent,n.	pron.	vt.	n. cl.	vi.	kin.	n. cl.	pron. cl.	vt.	n. cl.	n.	n. cl.	vi.,3.4,,Pa obom dowansegän a dallän nagda bom dingällbänän a kottllam pate gongttägeyo.,
we-pn012-warama2016-4-1,""" Ngämi bam da batrameya, abo bongo ge sabi de nongkollmäll.",ngämi	bam	da	b-a-täram-eya	abo	bongo	ge	sabi=de	n-o-ngkollmäll,1NSG.EXCL.NOM	2SG.ACC	MED.DEM	FUT.1A-RT_EXT-lead-FUT.1NSGA	then	2SG.NOM	prox.dem	law=ACC	FUT.2>3-3NDUP-follow,"""We will take you, but you must follow our rules.",pron.	pron.	dem.	vt.	adv.	pron.	nom. dem.	n.	n. cl.	vt.,we-pn012-warama2016,4,1,kit,								de-acc	,,ngämi	bam	da	b-a-täram-eya	abo	bongo	ge	sabi=de	n-ä-kollmäll,,"""We will take you, but you must follow our rules.",1.excl.nsg.nom	2.sg.acc	there	carry.fut.1nsgA>2sgP	then	2.sg.nom	this	law		follow.imp.2sgA>3sgP,,c07273ed-962d-4991-8943-eab4f90aa5a3,		4	12						11,,,pers. pron.	pers. pron. 2 sg acc	nom. dem.	v.:TM + Patient-v.:Patient-vt.  (IV)-v.:TAM+Agent	adv.	pers. pron.	nom. dem.	n.	n. cl.	v.:TM + Patient-v.:Patient-vt.,pron.	pron.	dem.	vt.	adv.	pron.	nom. dem.	n.	n. cl.	vt.,4.1,,"""Ngämi bam da batrameya, abo bongo ge sabi de nongkollmäll. ",
we-pn012-warama2016-4-2,"Tuk me eka tameny a bongo abo mudan, kälae ttatt gallab a mudan.",tuk=me	eka	tameny=a	bongo	abo	muda=n	kälae	ttatt	gall-ab=a	muda=n,air=LOC	speak	discuss=NOM	2SG.NOM	then	PROHIB=COP.PRS.SG	small	jaw	open-IV.NPL=NOM	PROHIB=COP.PRS.SG,"‎‎In the air, you are not allowed to speak or open your jaw even a little.",n.	n. cl.	v.	v.	n. cl.	pron.	adv.	cop.	v. cl.	adj.	n.	v.	n. cl.	cop.	v. cl.,we-pn012-warama2016,4,2,kit,	me-loc			a-nom								a-nom		,,tuk=me	eka	tameny=da	bongo	abo	muda=n	kälae	ttatt	gallab-ab=da	muda=n,,"‎‎In the air, you are not allowed to speak or open your jaw even a little.",air		speak	discuss		2.sg.nom	then	cop.prohib.prs.sgS		little	jaw	open-IV.npl		cop.prohib.prs.sgS	,,b1660470-4349-47a8-9cd3-3384bcacd19f,				1								1		,,,n.	n. cl.	covi. & covt.	vt.  (III)	n. cl.	pers. pron.	adv.	TAM ptcl.	v. cl.	mod.	n.	vt.  (IV)-v.:Any	n. cl.	TAM ptcl.	v. cl.,n.	n. cl.	v.	v.	n. cl.	pron.	adv.	cop.	v. cl.	adj.	n.	v.	n. cl.	cop.	v. cl.,4.2,,"Tuk me eka tameny a bongo abo mudan, kälae ttatt gallab a mudan. ",
we-pn012-warama2016-4-3,Pa da llo dätärpänän a kottllam bom amne abal me bod alle mällam e umllang dägagän.,pa=da	llo	d-ä-tärp-än-än=a	kottllam=bom	amne	abal=me	bod=alle	mäll-am=e	umllang	d-ä-gag-än,bird=NOM	tree	REM-3NDUP-cut-II.NPL-REM.3SGA=NOM	turtle=3SG.ACC	center	very=LOC	mouth=INS	hold-IV.NPL=ALL	tell	REM-3NDUP-AUX-REM.3SGA,The birds got a stick and told Turtle to hold it with his mouth right in the middle.,n.	n. cl.	n.	vt.	n. cl.	n.	pron. cl.	n.	adj.	n. cl.	n.	n. cl.	v.	n. cl.	covt.	aux.,we-pn012-warama2016,4,3,kit,	da-nom			a-nom		bom-3sg-acc			me-loc		alle-ins		e-all		,,pa=da	llo	d-ä-tätäräp-n-än=da	kottllam=bom	amne	abal=me	bod=alle	mällam-am=e	umllang	d-ä-g-än,,The birds got a stick and told Turtle to hold it with his mouth right in the middle.,bird		tree	cut.rem.3sgA>3sgP		turtle		center	very		mouth		hold		tell	aux.rem.3sgA>3sgP,,049de997-c0e6-41d5-ae19-dbbd0b940046,	1		11	1							1	22	1		1,,,n.	n. cl.	n.	v.:TM + Patient-v.:Patient-vt.  (I)-v.:Any-vt.:Any	n. cl.	n.	pron. cl.	loc.	adv.	n. cl.	n.	n. cl.	vt.  (IV)-v.:Any	n. cl.	covt.	v.:TM + Patient-v.:Patient-aux.-vt.:Any,n.	n. cl.	n.	vt.	n. cl.	n.	pron. cl.	n.	adj.	n. cl.	n.	n. cl.	v.	n. cl.	covt.	aux.,4.3,,Pa da llo dätärpänän a kottllam bom amne abal me bod alle mällam e umllang dägagän. ,
we-pn012-warama2016-4-4,Pa komlla da llo de damllameyo ttälle alle a paplläg de gongkameyo.,pa	komlla=da	llo=de	d-a-mllam-eyo	ttälle=alle=a	paplläg=de	g-o-ngk-am-eyo,bird	two=NOM	tree=ACC	REM-RT_EXT-hold-REM.3NSGA	leg=INS=NOM	fly=ACC	REM-RT_EXT-start-IV.NPL-REM.3DUS,The two birds held the stick with their legs and started to fly.,n.	num.	n. cl.	n.	n. cl.	vt.	n.	n. cl.	n. cl.	v.	n. cl.	vi.,we-pn012-warama2016,4,4,kit,		da-nom		de-acc			alle-ins	a-nom		de-acc	,,pa	komlla=da	llo=de	d-a-mällam-eyo	ttälle=alle=da	paplläg=de	g-o-kam-am-eyo,,The two birds held the stick with their legs and started to fly.,bird	two		tree		hold.rem.3nsgA>sgP	leg			fly		start.rem.3duS,,862bebd2-4b0b-4be3-a67d-6b8e730fae34,		1			12		1	1			12,,,n.	num.	n. cl.	n.	n. cl.	v.:TM + Patient-v.:Patient-vt.  (IV)-v.:TAM+Agent	n.	n. cl.	n. cl.	vi.  (I)	n. cl.	v.:TM + Patient-vi.:Any-vt.  (IV)-v.:Any-v.:TAM+Agent,n.	num.	n. cl.	n.	n. cl.	vt.	n.	n. cl.	n. cl.	v.	n. cl.	vi.,4.4,,Pa komlla da llo de damllameyo ttälle alle a paplläg de gongkameyo. ,
we-pn012-warama2016-4-5,"Angde bem dowae me maduma we dälltaemnän, kottllam a mäse ada eka panypeny e gongkamän,"" Ae ttängäm a mer abal a gänyan,"" wiowa e be gonyo we de gogon ekaklle, enanae gollomän kälakälae.",angde	bem	dowae=me	maduma=we	d-ä-lltaem-n-än	kottllam=a	mäse	ada	eka	panypeny=e	g-o-ngk-am-än	ae	ttängäm=a	mer	abal=a	gänya=n	wiowa=e	be	gonyo=we=de	g-o-g-on	ekaklle	enanae	g-o-llom-än	käla~kälae,when	sea	proximity=LOC	village=ALL	REM-RT_EXT-arrive-IPFV-REM.3PLS	turtle=NOM	IMN	like_this	speak	speak=ALL	REM-RT_EXT-start-IV.NPL-REM.3SGS	ah	place=NOM	good	very=NOM	here=COP.PRS.SG	wow=ALL	but	here=ALL=ACC	REM-RT_EXT-AUX-REM.3SGS	ground	forever	REM-RT_EXT-break-REM.3SGS	ADV~small,"When they arrived at the village close to the sea, Turtle tried to say, ""Wow, the village is very good here, wow!"" But here it happened, the ground, at once smashed into pieces.",conj.	n.	loc.	n. cl.	n.	n. cl.	vi.	n.	n. cl.	TAM ptcl.	adv.	v.	v.	n. cl.	vi.	interj.	n.	n. cl.	adj.	adj.	n. cl.	cop.	v. cl.	interj.	n. cl.	conj.	adv.	n. cl.	n. cl.	aux.	n.	adv.	vt.	adv.,we-pn012-warama2016,4,5,kit,			me-loc		we-all			a-nom					e-all				a-nom			a-nom				e-all			we-all	de-acc					,,angde	bem	dowae=me	maduma=e	d-ä-ngänttäg-ne-än	kottllam=da	mäse	ada	eka	panypeny=e	g-o-kam-am-än	ae	ttängäm=da	mer	abal=da	gänya=n	wiyo=e	be	gonyo=e=de	g-o-g-än	ekaklle	enanae	g-o-llollom-än	RED~kälae,,"When they arrived at the village close to the sea, Turtle tried to say, ""Wow, the village is very good here, wow!"" But here it happened, the ground, at once smashed into pieces.",when	sea	proximity		village		arrive.rem.npfv.3plS	turtle		try	like this	speak	speak		start.rem.3sgS	Ah	place		good	very		cop.here.prs.sgS		wow		but	here			aux.rem.3sgS	ground	for good	break.rem.pass.3sgP	a little,,7435276e-278d-4230-90ef-a4a29215605d,					1	2		1					1	12			1	1		1				1			1						2,,,adv.	n.	loc.	n. cl.	n.	n. cl.	v.:TM + Patient-vi.:Patient-vi.  (III)-v.:(Aspect)-v.:TAM+Agent	n.	n. cl.	TAM ptcl.	m. dem	covi. & covt.	vt.  (I)	n. cl.	v.:TM + Patient-vi.:Any-vt.  (IV)-v.:Any-v.:TAM+Agent	interj.	n.	n. cl.	mod.	adv.	n. cl.	adv. dem.	v. cl.	interj.	n. cl.	coord.	<Not Sure>	n. cl.	n. cl.	v.:TM + Patient-vi.:Any-aux.-v.:TAM+Agent	n.	adv.	v.:TM + Patient-vi.:Any-vi.  (I)-v.:TAM+Agent	???>adv.mod.,conj.	n.	loc.	n. cl.	n.	n. cl.	vi.	n.	n. cl.	TAM ptcl.	adv.	v.	v.	n. cl.	vi.	interj.	n.	n. cl.	adj.	adj.	n. cl.	cop.	v. cl.	interj.	n. cl.	conj.	adv.	n. cl.	n. cl.	aux.	n.	adv.	vt.	adv.,4.5,,"Angde bem dowae me maduma we dälltaemnän, kottllam a mäse ada eka panypeny e gongkamän, ""Ae ttängäm a mer abal a gänyan,"" wiowa e be gonyo we de gogon ekaklle, enanae gollomän kälakälae.",																							+dial. var. of										+der. var. of
we-pn012-warama2016-5-1,Lla da päre abo gobällän kottllam bo gollob pallkepallke de dänglläbeyo a kottllam bo patme däddäganeyo kame gontäbemenynegän a kottllam bom dätrameyo bem ulle we dainttemonggeyo.,lla=da	päre	abo	g-o-bäll-än	kottllam=bo	gollob	pallkepallke=de	d-ä-nglläb-eyo	a	kottllam=bo=patme	d-ä-ddäga-n-eyo	kame	g-o-ntäbemeny-neg-än=a	kottllam=bom	d-ä-tr-am-eyo	bem	ulle=we	d-a-inttem-ongg-eyo,man=NOM	sadly.NSG	then	REM-RT_EXT-go-REM.3PLS	turtle=3SG.POSS	shell	pieces=ACC	REM-3NDUP-get-REM.3NSGA	and	turtle=3SG.POSS=AN.LOC	REM-3NDUP-put_together-IPFV-REM.3NSGA	again	REM-RT_EXT-instruct-3PLS-REM.3PLS=NOM	turtle=3SG.ACC	REM-3NDUP-lead-IV.NPL-REM.3NSGA	sea	big=ALL	REM-RT_EXT-leave_someone-III.NPL-REM.3NSGA,"Then the people sadly went to the turtle, collected all the pieces of his shell, and put him back together again, and they let Turtle free into the big sea.",n.	n. cl.	adv.	adv.	vi.	n.	pron. cl.	n.	n.	n. cl.	vt.	conj.	n.	pron. cl.	n. cl.	vt.	adv.	vi.	n. cl.	n.	pron. cl.	vt.	n.	adj.	n. cl.	vt.,we-pn012-warama2016,5,1,kit,	da-nom					bo-3sg-poss			de-acc				bo-3sg-poss	patme-an-loc				a-nom		bom-3sg-acc				we-all	,,lla=da	päre	abo	g-o-ibi-än	kottllam=bo	gollob	pällkapällkae=de	d-ä-ngällbän-eyo	a	kottllam=bo=patme	d-ä-ddogoll-ne-eyo	kame	g-o-tämbameny-neg-än=da	kottllam=bom	d-ä-täram-am-eyo	bem	ulle=e	d-a-inttemängg-ngg-eyo,,"Then the people sadly went to the turtle, collected all the pieces of his shell, and put him back together again, and they let Turtle free into the big sea.",man		sadly	then	go.pl.rem.3plS	turtle		turtle shell	pieces		get.pl.rem.3nsgA>3plP	and	turtle			put_together.dur.3nsgA>3sgP	again	instruct.rem.3plS		turtle		carry.rem.3nsgA>3sgP	sea	big		leave.rem.3nsgA>sgP,,e03b37a3-cc8d-4a02-a666-46b4a1dd9d4b,	1			2						1					1	2		1			122			1	12,,,n.	n. cl.	adv.	adv.	v.:TM + Patient-vi.:Any-vi.-v.:TAM+Agent	n.	pron. cl.	n.	n.	n. cl.	v.:TM + Patient-v.:Patient-vi.  (II)-v.:TAM+Agent	coord.	n.	pron. cl.	n. cl.	v.:TM + Patient-v.:Patient-vt.  (II)-v.:(Aspect)-v.:TAM+Agent	adv.	v.:TM + Patient-vi.:Any-vt.  (III)-v.:Plurpersonal-v.:TAM+Agent	n. cl.	n.	pron. cl.	v.:TM + Patient-v.:Patient-vt.  (IV)-v.:Any-v.:TAM+Agent	n.	mod.	n. cl.	v.:TM + Patient-v.:Patient-vi.  (III)-v.:Any-v.:TAM+Agent,n.	n. cl.	adv.	adv.	vi.	n.	pron. cl.	n.	n.	n. cl.	vt.	conj.	n.	pron. cl.	n. cl.	vt.	adv.	vi.	n. cl.	n.	pron. cl.	vt.	n.	adj.	n. cl.	vt.,5.1,,Lla da päre abo gobällän kottllam bo gollob pallkepallke de dänglläbeyo a kottllam bo patme däddäganeyo kame gontäbemenynegän a kottllam bom dätrameyo bem ulle we dainttemonggeyo. ,								+var. of																	
we-pn012-warama2016-5-2,Kottllam bo ttam a abo tupi gogän.,kottllam=bo	ttam=a	abo	tupi	g-o-g-än,turtle=3SG.POSS	life=NOM	then	long	REM-RT_EXT-AUX-REM.3SGS,Then Turtle's life was very long.,n.	pron. cl.	n.	n. cl.	adv.	adj.	aux.,we-pn012-warama2016,5,2,kit,	bo-3sg-poss		a-nom			,,kottllam=bo	ttam=da	abo	tupi	g-o-g-än,,Then Turtle's life was very long.,turtle		life		then	long	aux.rem.3sgS,,c1707a05-46f6-4762-9034-2616c308d35c,		1	1		1	,,,n.	pron. cl.	n.	n. cl.	adv.	mod.	v.:TM + Patient-vi.:Any-aux.-v.:TAM+Agent,n.	pron. cl.	n.	n. cl.	adv.	adj.	aux.,5.2,,Kottllam bo ttam a abo tupi gogän.,
